{
  "FilterHeaders": [
    {
      "Header": "user-agent",
      "IncludeInScript": false
    },
    {
      "Header": "ua-cpu",
      "IncludeInScript": true
    },
    {
      "Header": "cache-control",
      "IncludeInScript": false
    },
    {
      "Header": "accept-language",
      "IncludeInScript": false
    },
    {
      "Header": "accept-encoding",
      "IncludeInScript": false
    },
    {
      "Header": "accept",
      "IncludeInScript": false
    }
  ],
  "FilterResources": [
    {
      "IsNonResource": true,
      "type": "text/xml"
    },
    {
      "IsNonResource": true,
      "type": "text/html"
    },
    {
      "IsNonResource": false,
      "type": "text/css"
    }
  ],
  "GeneralInfo": {
    "BrowserVersion": "",
    "IsWinInetMode": false,
    "MaxUsedConnections": 4,
    "RecordedBrowser": "Internet Explorer",
    "RecordingDate": "мар-17-2020",
    "RecordingDuration": 58109,
    "RecordingMode": "N/A",
    "RecordingTimeStamp": 1584466142,
    "RecordingType": "Browser",
    "TotalBytesReceived": 96946,
    "TotalBytesSent": 3137,
    "TotalRequests": 9,
    "UserAgent": "Mozilla/5.0 (Windows NT 10.0; WOW64; Trident/7.0; rv:11.0) like Gecko"
  },
  "HostInfo": [
    {
      "DomainName": "microsoft.com",
      "Domains": [
        {
          "HTTPVersion": "HTTP/1.1",
          "IP": "152.199.19.161",
          "IncludeInScript": true,
          "Name": "iecvlist.microsoft.com",
          "Port": 443,
          "Requests": [
            {
              "CompressionType": "gzip",
              "DataType": "text/xml",
              "DownloadTime": 109,
              "EventId": 129,
              "HttpStatus": 200,
              "Size": 26204,
              "URL": "https://iecvlist.microsoft.com/IE11/1478281996/iecompatviewlist.xml"
            }
          ],
          "SSLCipher": "ECDHE-RSA-AES256-GCM-SHA384",
          "SSLVersion": "TLS1.2"
        }
      ],
      "IncludeInScript": true
    },
    {
      "DomainName": "gatling.io",
      "Domains": [
        {
          "HTTPVersion": "HTTP/1.1",
          "IP": "35.205.124.134",
          "IncludeInScript": true,
          "Name": "computer-database.gatling.io",
          "Port": 80,
          "Requests": [
            {
              "CompressionType": "",
              "DataType": "text/html",
              "DownloadTime": 46,
              "EventId": 140,
              "HttpStatus": 200,
              "Size": 7659,
              "URL": "http://computer-database.gatling.io/computers"
            },
            {
              "CompressionType": "",
              "DataType": "",
              "DownloadTime": 63,
              "EventId": 138,
              "HttpStatus": 303,
              "Size": 0,
              "URL": "http://computer-database.gatling.io/computers"
            },
            {
              "CompressionType": "",
              "DataType": "text/html",
              "DownloadTime": 63,
              "EventId": 113,
              "HttpStatus": 404,
              "Size": 1910,
              "URL": "http://computer-database.gatling.io/favicon.ico"
            },
            {
              "CompressionType": "",
              "DataType": "text/html",
              "DownloadTime": 63,
              "EventId": 105,
              "HttpStatus": 200,
              "Size": 5537,
              "URL": "http://computer-database.gatling.io/computers/new"
            },
            {
              "CompressionType": "",
              "DataType": "text/html",
              "DownloadTime": 63,
              "EventId": 95,
              "HttpStatus": 404,
              "Size": 1910,
              "URL": "http://computer-database.gatling.io/favicon.ico"
            },
            {
              "CompressionType": "",
              "DataType": "text/css",
              "DownloadTime": 47,
              "EventId": 91,
              "HttpStatus": 200,
              "Size": 824,
              "URL": "http://computer-database.gatling.io/assets/stylesheets/main.css"
            },
            {
              "CompressionType": "",
              "DataType": "text/css",
              "DownloadTime": 188,
              "EventId": 87,
              "HttpStatus": 200,
              "Size": 45379,
              "URL": "http://computer-database.gatling.io/assets/stylesheets/bootstrap.min.css"
            },
            {
              "CompressionType": "",
              "DataType": "text/html",
              "DownloadTime": 62,
              "EventId": 83,
              "HttpStatus": 200,
              "Size": 7523,
              "URL": "http://computer-database.gatling.io/computers"
            }
          ],
          "SSLCipher": "None",
          "SSLVersion": "None"
        }
      ],
      "IncludeInScript": true
    }
  ],
  "WebSocket": {
    "IncludeInScript": false,
    "IsScriptIncludeWebSocket": false
  },
  "NumberOfCorrelations": 0
}